/*Table : PERSON*/
INSERT INTO PERSON VALUES ('RAM',01,'ABC1');
INSERT INTO PERSON VALUES ('HARRY',02,'ABC2');
INSERT INTO PERSON VALUES ('ALISON',03,'ABC3');
INSERT INTO PERSON VALUES ('ROBERT',04,'ABC4');
INSERT INTO PERSON VALUES ('JULLIE',05,'ABC5');
INSERT INTO PERSON VALUES ('EMMA',06,'ABC6');
INSERT INTO PERSON VALUES ('IAN',07,'ABC7');
INSERT INTO PERSON VALUES ('RONALD',08,'ABC8');
INSERT INTO PERSON VALUES ('CHRISTINE',09,'ABC9');
INSERT INTO PERSON VALUES ('BOB',10,'DEF1');
INSERT INTO PERSON VALUES ('ROSE',11,'DEF2');
INSERT INTO PERSON VALUES ('RON',12,'DEF3');
INSERT INTO PERSON VALUES ('ELIZABETH',13,'DEF4');
INSERT INTO PERSON VALUES ('ANTONY',14,'DEF4');
INSERT INTO PERSON VALUES ('AMANDA',15,'DEF5');
INSERT INTO PERSON VALUES ('CHRISTOPHER',16,'DEF6');
INSERT INTO PERSON VALUES ('EMILY',17,'DEF7');
INSERT INTO PERSON VALUES ('ARYA',18,'DEF8');
INSERT INTO PERSON VALUES ('NICHOLUS',19,'DEF9');
INSERT INTO PERSON VALUES ('NEVILLE',20,'GHI1');
INSERT INTO PERSON VALUES ('RICHARD',21,'GHI2');
INSERT INTO PERSON VALUES ('PATRICK',22,'GHI3');
INSERT INTO PERSON VALUES ('ANNIE',23,'GHI4');
INSERT INTO PERSON VALUES ('ESTELLA',24,'GHI5');
INSERT INTO PERSON VALUES ('STELLA',25,'GHI6');
INSERT INTO PERSON VALUES ('TERRY',26,'GHI7');
INSERT INTO PERSON VALUES ('MELISSA',27,'GHI8'); 
/*Table : JOB_PROVIDER*/
INSERT INTO JOB_PROVIDER VALUES (101,'APPLE',01,1976,'HR_DEPT@ICLOUD.COM',4147836518,'Y');
INSERT INTO JOB_PROVIDER VALUES (102,'COSCO',02,1961,'HR_DEPT@COSCO.COM',8236185601,'Y');
INSERT INTO JOB_PROVIDER VALUES (103,'JOHNSON AND JOHNSON',08,1886,'HR_JJ@HOTMAIL.COM',7651529016,'Y');
INSERT INTO JOB_PROVIDER VALUES (104,'INFINITY WARD',15,2002,'HR_DEPT@INFWARD.COM',883560973,'N');
INSERT INTO JOB_PROVIDER VALUES (105,'LIBERTY MEDIA',17,1991,'LIBERTY.MEDIA@YMAIL.COM',8451904627,'N');
INSERT INTO JOB_PROVIDER VALUES (106,'AMAZON',18,1994,'HR_DEPT@AMAZON.COM',6715620948,'Y');
INSERT INTO JOB_PROVIDER VALUES (107,'MESA AIRLINES',19,1980,'MESAAIRLINES@YAHOO.COM',4147836518,'N');
INSERT INTO JOB_PROVIDER VALUES (108,'FEDEX',20,1971,'FEDEX.HROFFICE@GMAIL.COM',5417836075,'Y');
INSERT INTO JOB_PROVIDER VALUES (109,'STATE FARM',21,1922,'STATEFARM.HRDEPT@HOTMAIL.COM',675158925,'Y');
INSERT INTO JOB_PROVIDER VALUES (110,'TRINITY INDUSTRIES',22,1933,'TRINITY_HROFFICE@GMAIL.COM',9983525411,'N');
INSERT INTO JOB_PROVIDER VALUES (111,'MICROSOFT',23,1975,'HR_MICROSOFT@MICROSOFT.COM',762189336,'Y');
INSERT INTO JOB_PROVIDER VALUES (112,'PRIMERICA',24,1977,'PRIMERICA_OFFICE@HOTMAIL.COM',9982617433,'N');
INSERT INTO JOB_PROVIDER VALUES (113,'QUALCOMM',25,1985,'HR_HEAD@QUALCOMM.COM',6643276560,'N');
INSERT INTO JOB_PROVIDER VALUES (114,'TARGET CORPORATION',26,1902,'HR_OFFICE@TARGET.COM',5432761900,'Y');
INSERT INTO JOB_PROVIDER VALUES (115,'VALVE CORPORATION',27,1996,'HR.OFFICE@REDDIFF.COM',8746672654,'N'); 
/*Table : JOB_SEEKER*/
INSERT INTO JOB_SEEKER VALUES (652819671,12,'RON',3.5,'COMPUTER SCIENCE',6651782989,'RON@GMAIL.COM','EXPERIENCED');
INSERT INTO JOB_SEEKER VALUES (887167354,03,'ALISON',3.2,'COMPUTER SCIENCE',4412567891,'ALISON@GMAIL.COM','FRESHER');
INSERT INTO JOB_SEEKER VALUES (765112656,13,'ELIZABETH',3.0,'INFORMATION SYSTEMS',5657890091,'ELIZABETH@YMAIL.COM','EXPERIENCED');
INSERT INTO JOB_SEEKER VALUES (767334123,06,'EMMA',3.7,'ARCHITECTURE',8872651727,'EMMA@HOTMAIL.COM','FRESHER');
INSERT INTO JOB_SEEKER VALUES (767123981,21,'RICHARD',2.7,'COMPUTER SCIENCE',7829917655,'RICHARD@GMAIL.COM','FRESHER');
INSERT INTO JOB_SEEKER VALUES (778364510,05,'JULLIE',3.54,'INDUSTRIAL ENGINEERING',7671123434,'JULLIE_234@YAHOO.COM','FRESHER');
INSERT INTO JOB_SEEKER VALUES (128456289,14,'ANTONY',3.3,'MECHANICAL ENGINEERING',8781367451,'ANTONY.SMITH@GMAIL.COM','EXPERIENCED');
INSERT INTO JOB_SEEKER VALUES (981672551,10,'BOB',3.8,'COMPUTER SCIENCE',7762194561,'BOB@REDIFFMAIL.COM','EXPERIENCED');
INSERT INTO JOB_SEEKER VALUES (453112891,11,'ROSE',3.62,'ELECTRONICS',8981234345,'ROSELLINE@GMAIL.COM','FRESHER');
INSERT INTO JOB_SEEKER VALUES (721563198,07,'IAN',3.17,'ELECTRICAL ENGINEERING',4316423341,'IAN@HOTMAIL.COM','EXPERIENCED');
INSERT INTO JOB_SEEKER VALUES (235198112,04,'ROBERT',2.98,'AERONAUTICAL ENGINEERING',6721182434,'ROBERT.NOLAN@GMAIL.COM','EXPERIENCED');
INSERT INTO JOB_SEEKER VALUES (761563226,09,'CHRISTINE',3.59,'COMPUTER SCIENCE',7173329812,'CHRISTINE@GMAIL.COM','FRESHER'); 
/*Table : JOB*/
INSERT INTO JOB VALUES (1,'IT',101,'APPLE',2,140000,3.8,0,'11-nov-16');
INSERT INTO JOB VALUES (2,'IT',102,'COSCO',1,80000,3.0,2,'4-nov-16');
INSERT INTO JOB VALUES (3,'NONIT',102,'COSCO',5,40000,3.0,0,'4-nov-16');
INSERT INTO JOB VALUES (4,'IT',103,'JOHNSON AND JOHNSON',10,60000,2.8,0,'2-nov-16');
INSERT INTO JOB VALUES (5,'NONIT',105,'LIBERTY MEDIA',4,65000,2.8,0,'1-nov-16');
INSERT INTO JOB VALUES (6,'IT',106,'AMAZON',6,125000,3.4,2,'5-nov-16');
INSERT INTO JOB VALUES (7,'NONIT',106,'AMAZON',10,40000,2.5,0,'6-nov-16');
INSERT INTO JOB VALUES (8,'IT',107,'MESA AIRLINES',1,90000,3.2,0,'6-nov-16');
INSERT INTO JOB VALUES (9,'IT',109,'STATE FARM',8,85000,3.1,2,'5-nov-16');
INSERT INTO JOB VALUES (10,'NONIT',109,'STATE FARM',2,60000,3.0,0,'6-nov-16');
INSERT INTO JOB VALUES (11,'IT',111,'MICROSOFT',1,130000,3.7,3,'3-nov-16');
INSERT INTO JOB VALUES (12,NULL,112,'PRIMERICA',2,50000,2.8,0,'7-nov-16');
INSERT INTO JOB VALUES (13,'NONIT',113,'QUALCOMM',10,45000,2.8,0,'5-nov-16');
INSERT INTO JOB VALUES (14,'IT',113,'QUALCOMM',4,90000,3.3,1,'5-nov-16');
INSERT INTO JOB VALUES (15,'NONIT',114,'TARGET CORPORATION',20,20000,2.5,0,'2-nov-16'); 
/*Table : EXPERIENCED*/
INSERT INTO EXPERIENCED VALUES (652819671,70000,2,'APPLE');
INSERT INTO EXPERIENCED VALUES (765112656,80000,3,'ERNSTYOUNG');
INSERT INTO EXPERIENCED VALUES (128456289,50000,5,'MICROSOFT');
INSERT INTO EXPERIENCED VALUES (981672551,65000,6,'DELOITTE');
INSERT INTO EXPERIENCED VALUES (721563198,45000,1,'QUALCOMM');
INSERT INTO EXPERIENCED VALUES (235198112,86000,4,'MESA AIRLINES'); 
/*Table : FRESHER*/
INSERT INTO FRESHER VALUES (887167354,'PERSONALIZED ONTOLOGY GENERATION','COSCO',1);
INSERT INTO FRESHER VALUES (767334123,'INTERIOR DESIGN METHOGOLOGIES','TARGET CORPORATION',1);
INSERT INTO FRESHER VALUES (767123981,'ONLINE SHOPPING PORTAL','UBER',1);
INSERT INTO FRESHER VALUES (778364510,'TAGUCHI TECHNIQUE IMPLEMENTATION','GOOGLE',2);
INSERT INTO FRESHER VALUES (453112891,'EFFECTS OF SEMICONDUCTORS ON ENVIRONMENT','QUALCOMM',1);
INSERT INTO FRESHER VALUES (761563226,'EXTRACTING KNOWLEDGE USING MINING TECHNIQUES','GOOGLE',1); 
/*Table : RESUME*/
INSERT INTO RESUME VALUES (652819671,'RON_RESUME','THIS FILE CONTAINS RESUME OF AN EXPERIENCED CANDIDATE');
INSERT INTO RESUME VALUES (887167354,'ALISON_RESUME','THIS FILE CONTAINS RESUME OF AN FRESHER CANDIDATE');
INSERT INTO RESUME VALUES (765112656,'ELIZABETH_RESUME','THIS FILE CONTAINS RESUME OF AN EXPERIENCED CANDIDATE');
INSERT INTO RESUME VALUES (767334123,'EMMA_RESUME','THIS FILE CONTAINS RESUME OF AN FRESHER CANDIDATE');
INSERT INTO RESUME VALUES (767123981,'RICHARD_RESUME','THIS FILE CONTAINS RESUME OF AN FRESHER CANDIDATE');
INSERT INTO RESUME VALUES (778364510,'JULLIE_RESUME','THIS FILE CONTAINS RESUME OF AN FRESHER CANDIDATE');
INSERT INTO RESUME VALUES (128456289,'ANTONY_RESUME','THIS FILE CONTAINS RESUME OF AN EXPERIENCED CANDIDATE');
INSERT INTO RESUME VALUES (981672551,'BOB_RESUME','THIS FILE CONTAINS RESUME OF AN EXPERIENCED CANDIDATE');
INSERT INTO RESUME VALUES (453112891,'ROSE_RESUME','THIS FILE CONTAINS RESUME OF AN FRESHER CANDIDATE');
INSERT INTO RESUME VALUES (721563198,'IAN_RESUME','THIS FILE CONTAINS RESUME OF AN EXPERIENCED CANDIDATE');
INSERT INTO RESUME VALUES (235198112,'ROBERT_RESUME','THIS FILE CONTAINS RESUME OF AN EXPERIENCED CANDIDATE');
INSERT INTO RESUME VALUES (761563226,'CHRISTINE_RESUME','THIS FILE CONTAINS RESUME OF AN FRESHER CANDIDATE'); 
/*Table : TECHNOLOGY*/
INSERT INTO TECHNOLOGY VALUES(652819671,'JAVA');
INSERT INTO TECHNOLOGY VALUES(652819671,'IOS');
INSERT INTO TECHNOLOGY VALUES(765112656,'PYTHON');
INSERT INTO TECHNOLOGY VALUES(765112656,'SQL');
INSERT INTO TECHNOLOGY VALUES(765112656,'COBOL');
INSERT INTO TECHNOLOGY VALUES(128456289,'C#');
INSERT INTO TECHNOLOGY VALUES(128456289,'PHP');
INSERT INTO TECHNOLOGY VALUES(981672551,'JAVASCRIPT');
INSERT INTO TECHNOLOGY VALUES(981672551,'REACTJS');
INSERT INTO TECHNOLOGY VALUES(721563198,'CPP');
INSERT INTO TECHNOLOGY VALUES(721563198,'RUBY ON RAILS');
INSERT INTO TECHNOLOGY VALUES(235198112,'.NET');
INSERT INTO TECHNOLOGY VALUES(235198112,'SQL'); 
/*Table : SEARCH_FOR*/
INSERT INTO SEARCH_FOR VALUES (1,'APPLE',652819671);
INSERT INTO SEARCH_FOR VALUES (1,'APPLE',887167354);
INSERT INTO SEARCH_FOR VALUES (1,'APPLE',765112656);
INSERT INTO SEARCH_FOR VALUES (1,'APPLE',767334123);
INSERT INTO SEARCH_FOR VALUES (1,'APPLE',767123981);
INSERT INTO SEARCH_FOR VALUES (1,'APPLE',778364510);
INSERT INTO SEARCH_FOR VALUES (1,'APPLE',128456289);
INSERT INTO SEARCH_FOR VALUES (1,'APPLE',981672551);
INSERT INTO SEARCH_FOR VALUES (1,'APPLE',453112891);
INSERT INTO SEARCH_FOR VALUES (1,'APPLE',721563198);
INSERT INTO SEARCH_FOR VALUES (1,'APPLE',235198112);
INSERT INTO SEARCH_FOR VALUES (1,'APPLE',761563226);
INSERT INTO SEARCH_FOR VALUES (2,'COSCO',652819671);
INSERT INTO SEARCH_FOR VALUES (2,'COSCO',887167354);
INSERT INTO SEARCH_FOR VALUES (2,'COSCO',765112656);
INSERT INTO SEARCH_FOR VALUES (2,'COSCO',767334123);
INSERT INTO SEARCH_FOR VALUES (2,'COSCO',767123981);
INSERT INTO SEARCH_FOR VALUES (2,'COSCO',778364510);
INSERT INTO SEARCH_FOR VALUES (2,'COSCO',128456289);
INSERT INTO SEARCH_FOR VALUES (2,'COSCO',981672551);
INSERT INTO SEARCH_FOR VALUES (2,'COSCO',453112891);
INSERT INTO SEARCH_FOR VALUES (2,'COSCO',721563198);
INSERT INTO SEARCH_FOR VALUES (2,'COSCO',235198112);
INSERT INTO SEARCH_FOR VALUES (2,'COSCO',761563226);
INSERT INTO SEARCH_FOR VALUES (3,'COSCO',652819671);
INSERT INTO SEARCH_FOR VALUES (3,'COSCO',887167354);
INSERT INTO SEARCH_FOR VALUES (3,'COSCO',765112656);
INSERT INTO SEARCH_FOR VALUES (3,'COSCO',767334123);
INSERT INTO SEARCH_FOR VALUES (3,'COSCO',767123981);
INSERT INTO SEARCH_FOR VALUES (3,'COSCO',778364510);
INSERT INTO SEARCH_FOR VALUES (3,'COSCO',128456289);
INSERT INTO SEARCH_FOR VALUES (3,'COSCO',981672551);
INSERT INTO SEARCH_FOR VALUES (3,'COSCO',453112891);
INSERT INTO SEARCH_FOR VALUES (3,'COSCO',721563198);
INSERT INTO SEARCH_FOR VALUES (3,'COSCO',235198112);
INSERT INTO SEARCH_FOR VALUES (3,'COSCO',761563226);
INSERT INTO SEARCH_FOR VALUES (4,'JOHNSON AND JOHNSON',652819671);
INSERT INTO SEARCH_FOR VALUES (4,'JOHNSON AND JOHNSON',887167354);
INSERT INTO SEARCH_FOR VALUES (4,'JOHNSON AND JOHNSON',765112656);
INSERT INTO SEARCH_FOR VALUES (4,'JOHNSON AND JOHNSON',767334123);
INSERT INTO SEARCH_FOR VALUES (4,'JOHNSON AND JOHNSON',767123981);
INSERT INTO SEARCH_FOR VALUES (4,'JOHNSON AND JOHNSON',778364510);
INSERT INTO SEARCH_FOR VALUES (4,'JOHNSON AND JOHNSON',128456289);
INSERT INTO SEARCH_FOR VALUES (4,'JOHNSON AND JOHNSON',981672551);
INSERT INTO SEARCH_FOR VALUES (4,'JOHNSON AND JOHNSON',453112891);
INSERT INTO SEARCH_FOR VALUES (4,'JOHNSON AND JOHNSON',721563198);
INSERT INTO SEARCH_FOR VALUES (4,'JOHNSON AND JOHNSON',235198112);
INSERT INTO SEARCH_FOR VALUES (4,'JOHNSON AND JOHNSON',761563226);
INSERT INTO SEARCH_FOR VALUES (5,'LIBERTY MEDIA',652819671);
INSERT INTO SEARCH_FOR VALUES (5,'LIBERTY MEDIA',887167354);
INSERT INTO SEARCH_FOR VALUES (5,'LIBERTY MEDIA',765112656);
INSERT INTO SEARCH_FOR VALUES (5,'LIBERTY MEDIA',767334123);
INSERT INTO SEARCH_FOR VALUES (5,'LIBERTY MEDIA',767123981);
INSERT INTO SEARCH_FOR VALUES (5,'LIBERTY MEDIA',778364510);
INSERT INTO SEARCH_FOR VALUES (5,'LIBERTY MEDIA',128456289);
INSERT INTO SEARCH_FOR VALUES (5,'LIBERTY MEDIA',981672551);
INSERT INTO SEARCH_FOR VALUES (5,'LIBERTY MEDIA',453112891);
INSERT INTO SEARCH_FOR VALUES (5,'LIBERTY MEDIA',721563198);
INSERT INTO SEARCH_FOR VALUES (5,'LIBERTY MEDIA',235198112);
INSERT INTO SEARCH_FOR VALUES (5,'LIBERTY MEDIA',761563226);
INSERT INTO SEARCH_FOR VALUES (6,'AMAZON',652819671);
INSERT INTO SEARCH_FOR VALUES (6,'AMAZON',887167354);
INSERT INTO SEARCH_FOR VALUES (6,'AMAZON',765112656);
INSERT INTO SEARCH_FOR VALUES (6,'AMAZON',767334123);
INSERT INTO SEARCH_FOR VALUES (6,'AMAZON',767123981);
INSERT INTO SEARCH_FOR VALUES (6,'AMAZON',778364510);
INSERT INTO SEARCH_FOR VALUES (6,'AMAZON',128456289);
INSERT INTO SEARCH_FOR VALUES (6,'AMAZON',981672551);
INSERT INTO SEARCH_FOR VALUES (6,'AMAZON',453112891);
INSERT INTO SEARCH_FOR VALUES (6,'AMAZON',721563198);
INSERT INTO SEARCH_FOR VALUES (6,'AMAZON',235198112);
INSERT INTO SEARCH_FOR VALUES (6,'AMAZON',761563226);
INSERT INTO SEARCH_FOR VALUES (7,'AMAZON',652819671);
INSERT INTO SEARCH_FOR VALUES (7,'AMAZON',887167354);
INSERT INTO SEARCH_FOR VALUES (7,'AMAZON',765112656);
INSERT INTO SEARCH_FOR VALUES (7,'AMAZON',767334123);
INSERT INTO SEARCH_FOR VALUES (7,'AMAZON',767123981);
INSERT INTO SEARCH_FOR VALUES (7,'AMAZON',778364510);
INSERT INTO SEARCH_FOR VALUES (7,'AMAZON',128456289);
INSERT INTO SEARCH_FOR VALUES (7,'AMAZON',981672551);
INSERT INTO SEARCH_FOR VALUES (7,'AMAZON',453112891);
INSERT INTO SEARCH_FOR VALUES (7,'AMAZON',721563198);
INSERT INTO SEARCH_FOR VALUES (7,'AMAZON',235198112);
INSERT INTO SEARCH_FOR VALUES (7,'AMAZON',761563226);
INSERT INTO SEARCH_FOR VALUES (8,'MESA AIRLINES',652819671);
INSERT INTO SEARCH_FOR VALUES (8,'MESA AIRLINES',887167354);
INSERT INTO SEARCH_FOR VALUES (8,'MESA AIRLINES',765112656);
INSERT INTO SEARCH_FOR VALUES (8,'MESA AIRLINES',767334123);
INSERT INTO SEARCH_FOR VALUES (8,'MESA AIRLINES',767123981);
INSERT INTO SEARCH_FOR VALUES (8,'MESA AIRLINES',778364510);
INSERT INTO SEARCH_FOR VALUES (8,'MESA AIRLINES',128456289);
INSERT INTO SEARCH_FOR VALUES (8,'MESA AIRLINES',981672551);
INSERT INTO SEARCH_FOR VALUES (8,'MESA AIRLINES',453112891);
INSERT INTO SEARCH_FOR VALUES (8,'MESA AIRLINES',721563198);
INSERT INTO SEARCH_FOR VALUES (8,'MESA AIRLINES',235198112);
INSERT INTO SEARCH_FOR VALUES (8,'MESA AIRLINES',761563226);
INSERT INTO SEARCH_FOR VALUES (9,'STATE FARM',652819671);
INSERT INTO SEARCH_FOR VALUES (9,'STATE FARM',887167354);
INSERT INTO SEARCH_FOR VALUES (9,'STATE FARM',765112656);
INSERT INTO SEARCH_FOR VALUES (9,'STATE FARM',767334123);
INSERT INTO SEARCH_FOR VALUES (9,'STATE FARM',767123981);
INSERT INTO SEARCH_FOR VALUES (9,'STATE FARM',778364510);
INSERT INTO SEARCH_FOR VALUES (9,'STATE FARM',128456289);
INSERT INTO SEARCH_FOR VALUES (9,'STATE FARM',981672551);
INSERT INTO SEARCH_FOR VALUES (9,'STATE FARM',453112891);
INSERT INTO SEARCH_FOR VALUES (9,'STATE FARM',721563198);
INSERT INTO SEARCH_FOR VALUES (9,'STATE FARM',235198112);
INSERT INTO SEARCH_FOR VALUES (9,'STATE FARM',761563226);
INSERT INTO SEARCH_FOR VALUES (10,'STATE FARM',652819671);
INSERT INTO SEARCH_FOR VALUES (10,'STATE FARM',887167354);
INSERT INTO SEARCH_FOR VALUES (10,'STATE FARM',765112656);
INSERT INTO SEARCH_FOR VALUES (10,'STATE FARM',767334123);
INSERT INTO SEARCH_FOR VALUES (10,'STATE FARM',767123981);
INSERT INTO SEARCH_FOR VALUES (10,'STATE FARM',778364510);
INSERT INTO SEARCH_FOR VALUES (10,'STATE FARM',128456289);
INSERT INTO SEARCH_FOR VALUES (10,'STATE FARM',981672551);
INSERT INTO SEARCH_FOR VALUES (10,'STATE FARM',453112891);
INSERT INTO SEARCH_FOR VALUES (10,'STATE FARM',721563198);
INSERT INTO SEARCH_FOR VALUES (10,'STATE FARM',235198112);
INSERT INTO SEARCH_FOR VALUES (10,'STATE FARM',761563226);
INSERT INTO SEARCH_FOR VALUES (11,'MICROSOFT',652819671);
INSERT INTO SEARCH_FOR VALUES (11,'MICROSOFT',887167354);
INSERT INTO SEARCH_FOR VALUES (11,'MICROSOFT',765112656);
INSERT INTO SEARCH_FOR VALUES (11,'MICROSOFT',767334123);
INSERT INTO SEARCH_FOR VALUES (11,'MICROSOFT',767123981);
INSERT INTO SEARCH_FOR VALUES (11,'MICROSOFT',778364510);
INSERT INTO SEARCH_FOR VALUES (11,'MICROSOFT',128456289);
INSERT INTO SEARCH_FOR VALUES (11,'MICROSOFT',981672551);
INSERT INTO SEARCH_FOR VALUES (11,'MICROSOFT',453112891);
INSERT INTO SEARCH_FOR VALUES (11,'MICROSOFT',721563198);
INSERT INTO SEARCH_FOR VALUES (11,'MICROSOFT',235198112);
INSERT INTO SEARCH_FOR VALUES (11,'MICROSOFT',761563226);
INSERT INTO SEARCH_FOR VALUES (12,'PRIMERICA',652819671);
INSERT INTO SEARCH_FOR VALUES (12,'PRIMERICA',887167354);
INSERT INTO SEARCH_FOR VALUES (12,'PRIMERICA',765112656);
INSERT INTO SEARCH_FOR VALUES (12,'PRIMERICA',767334123);
INSERT INTO SEARCH_FOR VALUES (12,'PRIMERICA',767123981);
INSERT INTO SEARCH_FOR VALUES (12,'PRIMERICA',778364510);
INSERT INTO SEARCH_FOR VALUES (12,'PRIMERICA',128456289);
INSERT INTO SEARCH_FOR VALUES (12,'PRIMERICA',981672551);
INSERT INTO SEARCH_FOR VALUES (12,'PRIMERICA',453112891);
INSERT INTO SEARCH_FOR VALUES (12,'PRIMERICA',721563198);
INSERT INTO SEARCH_FOR VALUES (12,'PRIMERICA',235198112);
INSERT INTO SEARCH_FOR VALUES (12,'PRIMERICA',761563226);
INSERT INTO SEARCH_FOR VALUES (13,'QUALCOMM',652819671);
INSERT INTO SEARCH_FOR VALUES (13,'QUALCOMM',887167354);
INSERT INTO SEARCH_FOR VALUES (13,'QUALCOMM',765112656);
INSERT INTO SEARCH_FOR VALUES (13,'QUALCOMM',767334123);
INSERT INTO SEARCH_FOR VALUES (13,'QUALCOMM',767123981);
INSERT INTO SEARCH_FOR VALUES (13,'QUALCOMM',778364510);
INSERT INTO SEARCH_FOR VALUES (13,'QUALCOMM',128456289);
INSERT INTO SEARCH_FOR VALUES (13,'QUALCOMM',981672551);
INSERT INTO SEARCH_FOR VALUES (13,'QUALCOMM',453112891);
INSERT INTO SEARCH_FOR VALUES (13,'QUALCOMM',721563198);
INSERT INTO SEARCH_FOR VALUES (13,'QUALCOMM',235198112);
INSERT INTO SEARCH_FOR VALUES (13,'QUALCOMM',761563226);
INSERT INTO SEARCH_FOR VALUES (14,'QUALCOMM',652819671);
INSERT INTO SEARCH_FOR VALUES (14,'QUALCOMM',887167354);
INSERT INTO SEARCH_FOR VALUES (14,'QUALCOMM',765112656);
INSERT INTO SEARCH_FOR VALUES (14,'QUALCOMM',767334123);
INSERT INTO SEARCH_FOR VALUES (14,'QUALCOMM',767123981);
INSERT INTO SEARCH_FOR VALUES (14,'QUALCOMM',778364510);
INSERT INTO SEARCH_FOR VALUES (14,'QUALCOMM',128456289);
INSERT INTO SEARCH_FOR VALUES (14,'QUALCOMM',981672551);
INSERT INTO SEARCH_FOR VALUES (14,'QUALCOMM',453112891);
INSERT INTO SEARCH_FOR VALUES (14,'QUALCOMM',721563198);
INSERT INTO SEARCH_FOR VALUES (14,'QUALCOMM',235198112);
INSERT INTO SEARCH_FOR VALUES (14,'QUALCOMM',761563226);
INSERT INTO SEARCH_FOR VALUES (15,'TARGET CORPORATION',652819671);
INSERT INTO SEARCH_FOR VALUES (15,'TARGET CORPORATION',887167354);
INSERT INTO SEARCH_FOR VALUES (15,'TARGET CORPORATION',765112656);
INSERT INTO SEARCH_FOR VALUES (15,'TARGET CORPORATION',767334123);
INSERT INTO SEARCH_FOR VALUES (15,'TARGET CORPORATION',767123981);
INSERT INTO SEARCH_FOR VALUES (15,'TARGET CORPORATION',778364510);
INSERT INTO SEARCH_FOR VALUES (15,'TARGET CORPORATION',128456289);
INSERT INTO SEARCH_FOR VALUES (15,'TARGET CORPORATION',981672551);
INSERT INTO SEARCH_FOR VALUES (15,'TARGET CORPORATION',453112891);
INSERT INTO SEARCH_FOR VALUES (15,'TARGET CORPORATION',721563198);
INSERT INTO SEARCH_FOR VALUES (15,'TARGET CORPORATION',235198112);
INSERT INTO SEARCH_FOR VALUES (15,'TARGET CORPORATION',761563226); 
/*Table : SEARCHS*/
INSERT INTO SEARCHS VALUES (101,'APPLE',652819671);
INSERT INTO SEARCHS VALUES (101,'APPLE',887167354);
INSERT INTO SEARCHS VALUES (101,'APPLE',765112656);
INSERT INTO SEARCHS VALUES (101,'APPLE',767334123);
INSERT INTO SEARCHS VALUES (101,'APPLE',767123981);
INSERT INTO SEARCHS VALUES (101,'APPLE',778364510);
INSERT INTO SEARCHS VALUES (101,'APPLE',128456289);
INSERT INTO SEARCHS VALUES (101,'APPLE',981672551);
INSERT INTO SEARCHS VALUES (101,'APPLE',453112891);
INSERT INTO SEARCHS VALUES (101,'APPLE',721563198);
INSERT INTO SEARCHS VALUES (101,'APPLE',235198112);
INSERT INTO SEARCHS VALUES (101,'APPLE',761563226);
INSERT INTO SEARCHS VALUES (102,'COSCO',652819671);
INSERT INTO SEARCHS VALUES (102,'COSCO',887167354);
INSERT INTO SEARCHS VALUES (102,'COSCO',765112656);
INSERT INTO SEARCHS VALUES (102,'COSCO',767334123);
INSERT INTO SEARCHS VALUES (102,'COSCO',767123981);
INSERT INTO SEARCHS VALUES (102,'COSCO',778364510);
INSERT INTO SEARCHS VALUES (102,'COSCO',128456289);
INSERT INTO SEARCHS VALUES (102,'COSCO',981672551);
INSERT INTO SEARCHS VALUES (102,'COSCO',453112891);
INSERT INTO SEARCHS VALUES (102,'COSCO',721563198);
INSERT INTO SEARCHS VALUES (102,'COSCO',235198112);
INSERT INTO SEARCHS VALUES (102,'COSCO',761563226);
INSERT INTO SEARCHS VALUES (103,'JOHNSON AND JOHNSON',652819671);
INSERT INTO SEARCHS VALUES (103,'JOHNSON AND JOHNSON',887167354);
INSERT INTO SEARCHS VALUES (103,'JOHNSON AND JOHNSON',765112656);
INSERT INTO SEARCHS VALUES (103,'JOHNSON AND JOHNSON',767334123);
INSERT INTO SEARCHS VALUES (103,'JOHNSON AND JOHNSON',767123981);
INSERT INTO SEARCHS VALUES (103,'JOHNSON AND JOHNSON',778364510);
INSERT INTO SEARCHS VALUES (103,'JOHNSON AND JOHNSON',128456289);
INSERT INTO SEARCHS VALUES (103,'JOHNSON AND JOHNSON',981672551);
INSERT INTO SEARCHS VALUES (103,'JOHNSON AND JOHNSON',453112891);
INSERT INTO SEARCHS VALUES (103,'JOHNSON AND JOHNSON',721563198);
INSERT INTO SEARCHS VALUES (103,'JOHNSON AND JOHNSON',235198112);
INSERT INTO SEARCHS VALUES (103,'JOHNSON AND JOHNSON',761563226);
INSERT INTO SEARCHS VALUES (105,'LIBERTY MEDIA',652819671);
INSERT INTO SEARCHS VALUES (105,'LIBERTY MEDIA',887167354);
INSERT INTO SEARCHS VALUES (105,'LIBERTY MEDIA',765112656);
INSERT INTO SEARCHS VALUES (105,'LIBERTY MEDIA',767334123);
INSERT INTO SEARCHS VALUES (105,'LIBERTY MEDIA',767123981);
INSERT INTO SEARCHS VALUES (105,'LIBERTY MEDIA',778364510);
INSERT INTO SEARCHS VALUES (105,'LIBERTY MEDIA',128456289);
INSERT INTO SEARCHS VALUES (105,'LIBERTY MEDIA',981672551);
INSERT INTO SEARCHS VALUES (105,'LIBERTY MEDIA',453112891);
INSERT INTO SEARCHS VALUES (105,'LIBERTY MEDIA',721563198);
INSERT INTO SEARCHS VALUES (105,'LIBERTY MEDIA',235198112);
INSERT INTO SEARCHS VALUES (105,'LIBERTY MEDIA',761563226);
INSERT INTO SEARCHS VALUES (106,'AMAZON',652819671);
INSERT INTO SEARCHS VALUES (106,'AMAZON',887167354);
INSERT INTO SEARCHS VALUES (106,'AMAZON',765112656);
INSERT INTO SEARCHS VALUES (106,'AMAZON',767334123);
INSERT INTO SEARCHS VALUES (106,'AMAZON',767123981);
INSERT INTO SEARCHS VALUES (106,'AMAZON',778364510);
INSERT INTO SEARCHS VALUES (106,'AMAZON',128456289);
INSERT INTO SEARCHS VALUES (106,'AMAZON',981672551);
INSERT INTO SEARCHS VALUES (106,'AMAZON',453112891);
INSERT INTO SEARCHS VALUES (106,'AMAZON',721563198);
INSERT INTO SEARCHS VALUES (106,'AMAZON',235198112);
INSERT INTO SEARCHS VALUES (106,'AMAZON',761563226);
INSERT INTO SEARCHS VALUES (107,'MESA AIRLINES',652819671);
INSERT INTO SEARCHS VALUES (107,'MESA AIRLINES',887167354);
INSERT INTO SEARCHS VALUES (107,'MESA AIRLINES',765112656);
INSERT INTO SEARCHS VALUES (107,'MESA AIRLINES',767334123);
INSERT INTO SEARCHS VALUES (107,'MESA AIRLINES',767123981);
INSERT INTO SEARCHS VALUES (107,'MESA AIRLINES',778364510);
INSERT INTO SEARCHS VALUES (107,'MESA AIRLINES',128456289);
INSERT INTO SEARCHS VALUES (107,'MESA AIRLINES',981672551);
INSERT INTO SEARCHS VALUES (107,'MESA AIRLINES',453112891);
INSERT INTO SEARCHS VALUES (107,'MESA AIRLINES',721563198);
INSERT INTO SEARCHS VALUES (107,'MESA AIRLINES',235198112);
INSERT INTO SEARCHS VALUES (107,'MESA AIRLINES',761563226);
INSERT INTO SEARCHS VALUES (109,'STATE FARM',652819671);
INSERT INTO SEARCHS VALUES (109,'STATE FARM',887167354);
INSERT INTO SEARCHS VALUES (109,'STATE FARM',765112656);
INSERT INTO SEARCHS VALUES (109,'STATE FARM',767334123);
INSERT INTO SEARCHS VALUES (109,'STATE FARM',767123981);
INSERT INTO SEARCHS VALUES (109,'STATE FARM',778364510);
INSERT INTO SEARCHS VALUES (109,'STATE FARM',128456289);
INSERT INTO SEARCHS VALUES (109,'STATE FARM',981672551);
INSERT INTO SEARCHS VALUES (109,'STATE FARM',453112891);
INSERT INTO SEARCHS VALUES (109,'STATE FARM',721563198);
INSERT INTO SEARCHS VALUES (109,'STATE FARM',235198112);
INSERT INTO SEARCHS VALUES (109,'STATE FARM',761563226);
INSERT INTO SEARCHS VALUES (111,'MICROSOFT',652819671);
INSERT INTO SEARCHS VALUES (111,'MICROSOFT',887167354);
INSERT INTO SEARCHS VALUES (111,'MICROSOFT',765112656);
INSERT INTO SEARCHS VALUES (111,'MICROSOFT',767334123);
INSERT INTO SEARCHS VALUES (111,'MICROSOFT',767123981);
INSERT INTO SEARCHS VALUES (111,'MICROSOFT',778364510);
INSERT INTO SEARCHS VALUES (111,'MICROSOFT',128456289);
INSERT INTO SEARCHS VALUES (111,'MICROSOFT',981672551);
INSERT INTO SEARCHS VALUES (111,'MICROSOFT',453112891);
INSERT INTO SEARCHS VALUES (111,'MICROSOFT',721563198);
INSERT INTO SEARCHS VALUES (111,'MICROSOFT',235198112);
INSERT INTO SEARCHS VALUES (111,'MICROSOFT',761563226);
INSERT INTO SEARCHS VALUES (112,'PRIMERICA',652819671);
INSERT INTO SEARCHS VALUES (112,'PRIMERICA',887167354);
INSERT INTO SEARCHS VALUES (112,'PRIMERICA',765112656);
INSERT INTO SEARCHS VALUES (112,'PRIMERICA',767334123);
INSERT INTO SEARCHS VALUES (112,'PRIMERICA',767123981);
INSERT INTO SEARCHS VALUES (112,'PRIMERICA',778364510);
INSERT INTO SEARCHS VALUES (112,'PRIMERICA',128456289);
INSERT INTO SEARCHS VALUES (112,'PRIMERICA',981672551);
INSERT INTO SEARCHS VALUES (112,'PRIMERICA',453112891);
INSERT INTO SEARCHS VALUES (112,'PRIMERICA',721563198);
INSERT INTO SEARCHS VALUES (112,'PRIMERICA',235198112);
INSERT INTO SEARCHS VALUES (112,'PRIMERICA',761563226);
INSERT INTO SEARCHS VALUES (113,'QUALCOMM',652819671);
INSERT INTO SEARCHS VALUES (113,'QUALCOMM',887167354);
INSERT INTO SEARCHS VALUES (113,'QUALCOMM',765112656);
INSERT INTO SEARCHS VALUES (113,'QUALCOMM',767334123);
INSERT INTO SEARCHS VALUES (113,'QUALCOMM',767123981);
INSERT INTO SEARCHS VALUES (113,'QUALCOMM',778364510);
INSERT INTO SEARCHS VALUES (113,'QUALCOMM',128456289);
INSERT INTO SEARCHS VALUES (113,'QUALCOMM',981672551);
INSERT INTO SEARCHS VALUES (113,'QUALCOMM',453112891);
INSERT INTO SEARCHS VALUES (113,'QUALCOMM',721563198);
INSERT INTO SEARCHS VALUES (113,'QUALCOMM',235198112);
INSERT INTO SEARCHS VALUES (113,'QUALCOMM',761563226);
INSERT INTO SEARCHS VALUES (114,'TARGET CORPORATION',652819671);
INSERT INTO SEARCHS VALUES (114,'TARGET CORPORATION',887167354);
INSERT INTO SEARCHS VALUES (114,'TARGET CORPORATION',765112656);
INSERT INTO SEARCHS VALUES (114,'TARGET CORPORATION',767334123);
INSERT INTO SEARCHS VALUES (114,'TARGET CORPORATION',767123981);
INSERT INTO SEARCHS VALUES (114,'TARGET CORPORATION',778364510);
INSERT INTO SEARCHS VALUES (114,'TARGET CORPORATION',128456289);
INSERT INTO SEARCHS VALUES (114,'TARGET CORPORATION',981672551);
INSERT INTO SEARCHS VALUES (114,'TARGET CORPORATION',453112891);
INSERT INTO SEARCHS VALUES (114,'TARGET CORPORATION',721563198);
INSERT INTO SEARCHS VALUES (114,'TARGET CORPORATION',235198112);
INSERT INTO SEARCHS VALUES (114,'TARGET CORPORATION',761563226); 
/*Table : VIEW_RESUME*/
INSERT INTO VIEW_RESUME VALUES (101,'APPLE',652819671, 'RON_RESUME');
INSERT INTO VIEW_RESUME VALUES (101,'APPLE',887167354, 'ALISON_RESUME');
INSERT INTO VIEW_RESUME VALUES (101,'APPLE',765112656, 'ELIZABETH_RESUME');
INSERT INTO VIEW_RESUME VALUES (101,'APPLE',767334123, 'EMMA_RESUME');
INSERT INTO VIEW_RESUME VALUES (101,'APPLE',767123981, 'RICHARD_RESUME');
INSERT INTO VIEW_RESUME VALUES (101,'APPLE',778364510, 'JULLIE_RESUME');
INSERT INTO VIEW_RESUME VALUES (101,'APPLE',128456289, 'ANTONY_RESUME');
INSERT INTO VIEW_RESUME VALUES (101,'APPLE',981672551, 'BOB_RESUME');
INSERT INTO VIEW_RESUME VALUES (101,'APPLE',453112891, 'ROSE_RESUME');
INSERT INTO VIEW_RESUME VALUES (101,'APPLE',721563198, 'IAN_RESUME');
INSERT INTO VIEW_RESUME VALUES (101,'APPLE',235198112, 'ROBERT_RESUME');
INSERT INTO VIEW_RESUME VALUES (101,'APPLE',761563226, 'CHRISTINE_RESUME');
INSERT INTO VIEW_RESUME VALUES (102,'COSCO',652819671, 'RON_RESUME');
INSERT INTO VIEW_RESUME VALUES (102,'COSCO',887167354, 'ALISON_RESUME');
INSERT INTO VIEW_RESUME VALUES (102,'COSCO',765112656, 'ELIZABETH_RESUME');
INSERT INTO VIEW_RESUME VALUES (102,'COSCO',767334123, 'EMMA_RESUME');
INSERT INTO VIEW_RESUME VALUES (102,'COSCO',767123981, 'RICHARD_RESUME');
INSERT INTO VIEW_RESUME VALUES (102,'COSCO',778364510, 'JULLIE_RESUME');
INSERT INTO VIEW_RESUME VALUES (102,'COSCO',128456289, 'ANTONY_RESUME');
INSERT INTO VIEW_RESUME VALUES (102,'COSCO',981672551, 'BOB_RESUME');
INSERT INTO VIEW_RESUME VALUES (102,'COSCO',453112891, 'ROSE_RESUME');
INSERT INTO VIEW_RESUME VALUES (102,'COSCO',721563198, 'IAN_RESUME');
INSERT INTO VIEW_RESUME VALUES (102,'COSCO',235198112, 'ROBERT_RESUME');
INSERT INTO VIEW_RESUME VALUES (102,'COSCO',761563226, 'CHRISTINE_RESUME');
INSERT INTO VIEW_RESUME VALUES (103,'JOHNSON AND JOHNSON',652819671, 'RON_RESUME');
INSERT INTO VIEW_RESUME VALUES (103,'JOHNSON AND JOHNSON',887167354, 'ALISON_RESUME');
INSERT INTO VIEW_RESUME VALUES (103,'JOHNSON AND JOHNSON',765112656, 'ELIZABETH_RESUME');
INSERT INTO VIEW_RESUME VALUES (103,'JOHNSON AND JOHNSON',767334123, 'EMMA_RESUME');
INSERT INTO VIEW_RESUME VALUES (103,'JOHNSON AND JOHNSON',767123981, 'RICHARD_RESUME');
INSERT INTO VIEW_RESUME VALUES (103,'JOHNSON AND JOHNSON',778364510, 'JULLIE_RESUME');
INSERT INTO VIEW_RESUME VALUES (103,'JOHNSON AND JOHNSON',128456289, 'ANTONY_RESUME');
INSERT INTO VIEW_RESUME VALUES (103,'JOHNSON AND JOHNSON',981672551, 'BOB_RESUME');
INSERT INTO VIEW_RESUME VALUES (103,'JOHNSON AND JOHNSON',453112891, 'ROSE_RESUME');
INSERT INTO VIEW_RESUME VALUES (103,'JOHNSON AND JOHNSON',721563198, 'IAN_RESUME');
INSERT INTO VIEW_RESUME VALUES (103,'JOHNSON AND JOHNSON',235198112, 'ROBERT_RESUME');
INSERT INTO VIEW_RESUME VALUES (103,'JOHNSON AND JOHNSON',761563226, 'CHRISTINE_RESUME');
INSERT INTO VIEW_RESUME VALUES (104,'INFINITY WARD',652819671, 'RON_RESUME');
INSERT INTO VIEW_RESUME VALUES (104,'INFINITY WARD',887167354, 'ALISON_RESUME');
INSERT INTO VIEW_RESUME VALUES (104,'INFINITY WARD',765112656, 'ELIZABETH_RESUME');
INSERT INTO VIEW_RESUME VALUES (104,'INFINITY WARD',767334123, 'EMMA_RESUME');
INSERT INTO VIEW_RESUME VALUES (104,'INFINITY WARD',767123981, 'RICHARD_RESUME');
INSERT INTO VIEW_RESUME VALUES (104,'INFINITY WARD',778364510, 'JULLIE_RESUME');
INSERT INTO VIEW_RESUME VALUES (104,'INFINITY WARD',128456289, 'ANTONY_RESUME');
INSERT INTO VIEW_RESUME VALUES (104,'INFINITY WARD',981672551, 'BOB_RESUME');
INSERT INTO VIEW_RESUME VALUES (104,'INFINITY WARD',453112891, 'ROSE_RESUME');
INSERT INTO VIEW_RESUME VALUES (104,'INFINITY WARD',721563198, 'IAN_RESUME');
INSERT INTO VIEW_RESUME VALUES (104,'INFINITY WARD',235198112, 'ROBERT_RESUME');
INSERT INTO VIEW_RESUME VALUES (104,'INFINITY WARD',761563226, 'CHRISTINE_RESUME');
INSERT INTO VIEW_RESUME VALUES (105,'LIBERTY MEDIA',652819671, 'RON_RESUME');
INSERT INTO VIEW_RESUME VALUES (105,'LIBERTY MEDIA',887167354, 'ALISON_RESUME');
INSERT INTO VIEW_RESUME VALUES (105,'LIBERTY MEDIA',765112656, 'ELIZABETH_RESUME');
INSERT INTO VIEW_RESUME VALUES (105,'LIBERTY MEDIA',767334123, 'EMMA_RESUME');
INSERT INTO VIEW_RESUME VALUES (105,'LIBERTY MEDIA',767123981, 'RICHARD_RESUME');
INSERT INTO VIEW_RESUME VALUES (105,'LIBERTY MEDIA',778364510, 'JULLIE_RESUME');
INSERT INTO VIEW_RESUME VALUES (105,'LIBERTY MEDIA',128456289, 'ANTONY_RESUME');
INSERT INTO VIEW_RESUME VALUES (105,'LIBERTY MEDIA',981672551, 'BOB_RESUME');
INSERT INTO VIEW_RESUME VALUES (105,'LIBERTY MEDIA',453112891, 'ROSE_RESUME');
INSERT INTO VIEW_RESUME VALUES (105,'LIBERTY MEDIA',721563198, 'IAN_RESUME');
INSERT INTO VIEW_RESUME VALUES (105,'LIBERTY MEDIA',235198112, 'ROBERT_RESUME');
INSERT INTO VIEW_RESUME VALUES (105,'LIBERTY MEDIA',761563226, 'CHRISTINE_RESUME');
INSERT INTO VIEW_RESUME VALUES (106,'AMAZON',652819671, 'RON_RESUME');
INSERT INTO VIEW_RESUME VALUES (106,'AMAZON',887167354, 'ALISON_RESUME');
INSERT INTO VIEW_RESUME VALUES (106,'AMAZON',765112656, 'ELIZABETH_RESUME');
INSERT INTO VIEW_RESUME VALUES (106,'AMAZON',767334123, 'EMMA_RESUME');
INSERT INTO VIEW_RESUME VALUES (106,'AMAZON',767123981, 'RICHARD_RESUME');
INSERT INTO VIEW_RESUME VALUES (106,'AMAZON',778364510, 'JULLIE_RESUME');
INSERT INTO VIEW_RESUME VALUES (106,'AMAZON',128456289, 'ANTONY_RESUME');
INSERT INTO VIEW_RESUME VALUES (106,'AMAZON',981672551, 'BOB_RESUME');
INSERT INTO VIEW_RESUME VALUES (106,'AMAZON',453112891, 'ROSE_RESUME');
INSERT INTO VIEW_RESUME VALUES (106,'AMAZON',721563198, 'IAN_RESUME');
INSERT INTO VIEW_RESUME VALUES (106,'AMAZON',235198112, 'ROBERT_RESUME');
INSERT INTO VIEW_RESUME VALUES (106,'AMAZON',761563226, 'CHRISTINE_RESUME');
INSERT INTO VIEW_RESUME VALUES (107,'MESA AIRLINES',652819671, 'RON_RESUME');
INSERT INTO VIEW_RESUME VALUES (107,'MESA AIRLINES',887167354, 'ALISON_RESUME');
INSERT INTO VIEW_RESUME VALUES (107,'MESA AIRLINES',765112656, 'ELIZABETH_RESUME');
INSERT INTO VIEW_RESUME VALUES (107,'MESA AIRLINES',767334123, 'EMMA_RESUME');
INSERT INTO VIEW_RESUME VALUES (107,'MESA AIRLINES',767123981, 'RICHARD_RESUME');
INSERT INTO VIEW_RESUME VALUES (107,'MESA AIRLINES',778364510, 'JULLIE_RESUME');
INSERT INTO VIEW_RESUME VALUES (107,'MESA AIRLINES',128456289, 'ANTONY_RESUME');
INSERT INTO VIEW_RESUME VALUES (107,'MESA AIRLINES',981672551, 'BOB_RESUME');
INSERT INTO VIEW_RESUME VALUES (107,'MESA AIRLINES',453112891, 'ROSE_RESUME');
INSERT INTO VIEW_RESUME VALUES (107,'MESA AIRLINES',721563198, 'IAN_RESUME');
INSERT INTO VIEW_RESUME VALUES (107,'MESA AIRLINES',235198112, 'ROBERT_RESUME');
INSERT INTO VIEW_RESUME VALUES (107,'MESA AIRLINES',761563226, 'CHRISTINE_RESUME');
INSERT INTO VIEW_RESUME VALUES (108,'FEDEX',652819671, 'RON_RESUME');
INSERT INTO VIEW_RESUME VALUES (108,'FEDEX',887167354, 'ALISON_RESUME');
INSERT INTO VIEW_RESUME VALUES (108,'FEDEX',765112656, 'ELIZABETH_RESUME');
INSERT INTO VIEW_RESUME VALUES (108,'FEDEX',767334123, 'EMMA_RESUME');
INSERT INTO VIEW_RESUME VALUES (108,'FEDEX',767123981, 'RICHARD_RESUME');
INSERT INTO VIEW_RESUME VALUES (108,'FEDEX',778364510, 'JULLIE_RESUME');
INSERT INTO VIEW_RESUME VALUES (108,'FEDEX',128456289, 'ANTONY_RESUME');
INSERT INTO VIEW_RESUME VALUES (108,'FEDEX',981672551, 'BOB_RESUME');
INSERT INTO VIEW_RESUME VALUES (108,'FEDEX',453112891, 'ROSE_RESUME');
INSERT INTO VIEW_RESUME VALUES (108,'FEDEX',721563198, 'IAN_RESUME');
INSERT INTO VIEW_RESUME VALUES (108,'FEDEX',235198112, 'ROBERT_RESUME');
INSERT INTO VIEW_RESUME VALUES (108,'FEDEX',761563226, 'CHRISTINE_RESUME');
INSERT INTO VIEW_RESUME VALUES (109,'STATE FARM',652819671, 'RON_RESUME');
INSERT INTO VIEW_RESUME VALUES (109,'STATE FARM',887167354, 'ALISON_RESUME');
INSERT INTO VIEW_RESUME VALUES (109,'STATE FARM',765112656, 'ELIZABETH_RESUME');
INSERT INTO VIEW_RESUME VALUES (109,'STATE FARM',767334123, 'EMMA_RESUME');
INSERT INTO VIEW_RESUME VALUES (109,'STATE FARM',767123981, 'RICHARD_RESUME');
INSERT INTO VIEW_RESUME VALUES (109,'STATE FARM',778364510, 'JULLIE_RESUME');
INSERT INTO VIEW_RESUME VALUES (109,'STATE FARM',128456289, 'ANTONY_RESUME');
INSERT INTO VIEW_RESUME VALUES (109,'STATE FARM',981672551, 'BOB_RESUME');
INSERT INTO VIEW_RESUME VALUES (109,'STATE FARM',453112891, 'ROSE_RESUME');
INSERT INTO VIEW_RESUME VALUES (109,'STATE FARM',721563198, 'IAN_RESUME');
INSERT INTO VIEW_RESUME VALUES (109,'STATE FARM',235198112, 'ROBERT_RESUME');
INSERT INTO VIEW_RESUME VALUES (109,'STATE FARM',761563226, 'CHRISTINE_RESUME');
INSERT INTO VIEW_RESUME VALUES (110,'TRINITY INDUSTRIES',652819671, 'RON_RESUME');
INSERT INTO VIEW_RESUME VALUES (110,'TRINITY INDUSTRIES',887167354, 'ALISON_RESUME');
INSERT INTO VIEW_RESUME VALUES (110,'TRINITY INDUSTRIES',765112656, 'ELIZABETH_RESUME');
INSERT INTO VIEW_RESUME VALUES (110,'TRINITY INDUSTRIES',767334123, 'EMMA_RESUME');
INSERT INTO VIEW_RESUME VALUES (110,'TRINITY INDUSTRIES',767123981, 'RICHARD_RESUME');
INSERT INTO VIEW_RESUME VALUES (110,'TRINITY INDUSTRIES',778364510, 'JULLIE_RESUME');
INSERT INTO VIEW_RESUME VALUES (110,'TRINITY INDUSTRIES',128456289, 'ANTONY_RESUME');
INSERT INTO VIEW_RESUME VALUES (110,'TRINITY INDUSTRIES',981672551, 'BOB_RESUME');
INSERT INTO VIEW_RESUME VALUES (110,'TRINITY INDUSTRIES',453112891, 'ROSE_RESUME');
INSERT INTO VIEW_RESUME VALUES (110,'TRINITY INDUSTRIES',721563198, 'IAN_RESUME');
INSERT INTO VIEW_RESUME VALUES (110,'TRINITY INDUSTRIES',235198112, 'ROBERT_RESUME');
INSERT INTO VIEW_RESUME VALUES (110,'TRINITY INDUSTRIES',761563226, 'CHRISTINE_RESUME');
INSERT INTO VIEW_RESUME VALUES (111,'MICROSOFT',652819671, 'RON_RESUME');
INSERT INTO VIEW_RESUME VALUES (111,'MICROSOFT',887167354, 'ALISON_RESUME');
INSERT INTO VIEW_RESUME VALUES (111,'MICROSOFT',765112656, 'ELIZABETH_RESUME');
INSERT INTO VIEW_RESUME VALUES (111,'MICROSOFT',767334123, 'EMMA_RESUME');
INSERT INTO VIEW_RESUME VALUES (111,'MICROSOFT',767123981, 'RICHARD_RESUME');
INSERT INTO VIEW_RESUME VALUES (111,'MICROSOFT',778364510, 'JULLIE_RESUME');
INSERT INTO VIEW_RESUME VALUES (111,'MICROSOFT',128456289, 'ANTONY_RESUME');
INSERT INTO VIEW_RESUME VALUES (111,'MICROSOFT',981672551, 'BOB_RESUME');
INSERT INTO VIEW_RESUME VALUES (111,'MICROSOFT',453112891, 'ROSE_RESUME');
INSERT INTO VIEW_RESUME VALUES (111,'MICROSOFT',721563198, 'IAN_RESUME');
INSERT INTO VIEW_RESUME VALUES (111,'MICROSOFT',235198112, 'ROBERT_RESUME');
INSERT INTO VIEW_RESUME VALUES (111,'MICROSOFT',761563226, 'CHRISTINE_RESUME');
INSERT INTO VIEW_RESUME VALUES (112,'PRIMERICA',652819671, 'RON_RESUME');
INSERT INTO VIEW_RESUME VALUES (112,'PRIMERICA',887167354, 'ALISON_RESUME');
INSERT INTO VIEW_RESUME VALUES (112,'PRIMERICA',765112656, 'ELIZABETH_RESUME');
INSERT INTO VIEW_RESUME VALUES (112,'PRIMERICA',767334123, 'EMMA_RESUME');
INSERT INTO VIEW_RESUME VALUES (112,'PRIMERICA',767123981, 'RICHARD_RESUME');
INSERT INTO VIEW_RESUME VALUES (112,'PRIMERICA',778364510, 'JULLIE_RESUME');
INSERT INTO VIEW_RESUME VALUES (112,'PRIMERICA',128456289, 'ANTONY_RESUME');
INSERT INTO VIEW_RESUME VALUES (112,'PRIMERICA',981672551, 'BOB_RESUME');
INSERT INTO VIEW_RESUME VALUES (112,'PRIMERICA',453112891, 'ROSE_RESUME');
INSERT INTO VIEW_RESUME VALUES (112,'PRIMERICA',721563198, 'IAN_RESUME');
INSERT INTO VIEW_RESUME VALUES (112,'PRIMERICA',235198112, 'ROBERT_RESUME');
INSERT INTO VIEW_RESUME VALUES (112,'PRIMERICA',761563226, 'CHRISTINE_RESUME');
INSERT INTO VIEW_RESUME VALUES (113,'QUALCOMM',652819671, 'RON_RESUME');
INSERT INTO VIEW_RESUME VALUES (113,'QUALCOMM',887167354, 'ALISON_RESUME');
INSERT INTO VIEW_RESUME VALUES (113,'QUALCOMM',765112656, 'ELIZABETH_RESUME');
INSERT INTO VIEW_RESUME VALUES (113,'QUALCOMM',767334123, 'EMMA_RESUME');
INSERT INTO VIEW_RESUME VALUES (113,'QUALCOMM',767123981, 'RICHARD_RESUME');
INSERT INTO VIEW_RESUME VALUES (113,'QUALCOMM',778364510, 'JULLIE_RESUME');
INSERT INTO VIEW_RESUME VALUES (113,'QUALCOMM',128456289, 'ANTONY_RESUME');
INSERT INTO VIEW_RESUME VALUES (113,'QUALCOMM',981672551, 'BOB_RESUME');
INSERT INTO VIEW_RESUME VALUES (113,'QUALCOMM',453112891, 'ROSE_RESUME');
INSERT INTO VIEW_RESUME VALUES (113,'QUALCOMM',721563198, 'IAN_RESUME');
INSERT INTO VIEW_RESUME VALUES (113,'QUALCOMM',235198112, 'ROBERT_RESUME');
INSERT INTO VIEW_RESUME VALUES (113,'QUALCOMM',761563226, 'CHRISTINE_RESUME');
INSERT INTO VIEW_RESUME VALUES (114,'TARGET CORPORATION',652819671, 'RON_RESUME');
INSERT INTO VIEW_RESUME VALUES (114,'TARGET CORPORATION',887167354, 'ALISON_RESUME');
INSERT INTO VIEW_RESUME VALUES (114,'TARGET CORPORATION',765112656, 'ELIZABETH_RESUME');
INSERT INTO VIEW_RESUME VALUES (114,'TARGET CORPORATION',767334123, 'EMMA_RESUME');
INSERT INTO VIEW_RESUME VALUES (114,'TARGET CORPORATION',767123981, 'RICHARD_RESUME');
INSERT INTO VIEW_RESUME VALUES (114,'TARGET CORPORATION',778364510, 'JULLIE_RESUME');
INSERT INTO VIEW_RESUME VALUES (114,'TARGET CORPORATION',128456289, 'ANTONY_RESUME');
INSERT INTO VIEW_RESUME VALUES (114,'TARGET CORPORATION',981672551, 'BOB_RESUME');
INSERT INTO VIEW_RESUME VALUES (114,'TARGET CORPORATION',453112891, 'ROSE_RESUME');
INSERT INTO VIEW_RESUME VALUES (114,'TARGET CORPORATION',721563198, 'IAN_RESUME');
INSERT INTO VIEW_RESUME VALUES (114,'TARGET CORPORATION',235198112, 'ROBERT_RESUME');
INSERT INTO VIEW_RESUME VALUES (114,'TARGET CORPORATION',761563226, 'CHRISTINE_RESUME');
INSERT INTO VIEW_RESUME VALUES (115,'VALVE CORPORATION',652819671, 'RON_RESUME');
INSERT INTO VIEW_RESUME VALUES (115,'VALVE CORPORATION',887167354, 'ALISON_RESUME');
INSERT INTO VIEW_RESUME VALUES (115,'VALVE CORPORATION',765112656, 'ELIZABETH_RESUME');
INSERT INTO VIEW_RESUME VALUES (115,'VALVE CORPORATION',767334123, 'EMMA_RESUME');
INSERT INTO VIEW_RESUME VALUES (115,'VALVE CORPORATION',767123981, 'RICHARD_RESUME');
INSERT INTO VIEW_RESUME VALUES (115,'VALVE CORPORATION',778364510, 'JULLIE_RESUME');
INSERT INTO VIEW_RESUME VALUES (115,'VALVE CORPORATION',128456289, 'ANTONY_RESUME');
INSERT INTO VIEW_RESUME VALUES (115,'VALVE CORPORATION',981672551, 'BOB_RESUME');
INSERT INTO VIEW_RESUME VALUES (115,'VALVE CORPORATION',453112891, 'ROSE_RESUME');
INSERT INTO VIEW_RESUME VALUES (115,'VALVE CORPORATION',721563198, 'IAN_RESUME');
INSERT INTO VIEW_RESUME VALUES (115,'VALVE CORPORATION',235198112, 'ROBERT_RESUME');
INSERT INTO VIEW_RESUME VALUES (115,'VALVE CORPORATION',761563226, 'CHRISTINE_RESUME'); 